page_id	page_title
315875	Uriah
1862211	Kaf_Hachayim
18225469	Tammuz
1556912	Masorah
5547250	Onias
12011344	Golan_(disambiguation)
17427	Elah
68807	Zimri
69703	Nadab
2233147	Great_Synagogue
1676177	Seder_(disambiguation)
616713	Sefer_haYashar
4840687	Me'asha
915718	Tikkun
1543374	Ohr_Somayach
3084618	Gabrielle
3696238	Chofetz_Chaim_(disambiguation)
6662390	Pene_Yehoshua
8965635	Seder_Olam
649203	Mahalaleel
15800856	Adas_Israel_Congregation
294479	Naomi
9386766	Pachad_Yitzchok
701707	Eglon
1746383	Jewish_War
2429787	Baal_(disambiguation)
5418487	Eshkol
12985783	Etzion
15370663	Etrog_(disambiguation)
68848	Zadok_(disambiguation)
5834333	Arugas_Habosem
2478138	Terumah_(disambiguation)
511490	Naamah
